SARS-CoV-2_1200_1	ATCTCTTGTAGATCTGTTCTCTAAACGA	GCAACTGGATAGACAGATCGAATTCTAC
SARS-CoV-2_1200_2	GTCCAAATTTTGTATTTCCCTTAAATTCCA	TAACAATTTCCCAACCGTCTCTAAGAAA
SARS-CoV-2_1200_3	CTAACATCTTTGGCACTGTTTATGAAAAAC	CTGCCGTCTTGTTGACCAAC
SARS-CoV-2_1200_4	GCCACTTCTGCTGCTCTTCAAC	CTTTGCCTCCTCTACAGTGTAACC
SARS-CoV-2_1200_5	GCACTACTGAAATGCTAGCGAAAG	ACTCTATTTGTTGGAGTGTTAACAATGC
SARS-CoV-2_1200_6	GGTACATGTCAGCATTAAATCACACTAAAAA	CTGACTTCAGTACATCAAACGAATTTG
SARS-CoV-2_1200_7	AATGCAACTAATAAAGCCACGTATAAACC	GGCCATTTGTACAAGATTAATTATTAACCACAT
SARS-CoV-2_1200_8	GTACTTGGATTGGCTGCAATCATG	ACATGAAATCTTTAACGTTCCATATCAAAG
SARS-CoV-2_1200_9	CGTGACCTTGGTGCTTGTATTGA	CATAAAATAGTAGGCAAGGCATGTTACTAC
SARS-CoV-2_1200_10	CTAATATGTTTACACCACTAATTCAACCTATTG	CATGAACCATTAAGGAATGAACCCTTA
SARS-CoV-2_1200_11	CAGACTTTTTCAGTGTTAGCTTGTTACAAT	CTACACCTGAGTAGTTAGAAGTAACAGAGATTA
SARS-CoV-2_1200_12	GGACACTTATGAATGTCTTGACACTCG	ATGTTGTACCATCACACGTATTTTTATATGTG
SARS-CoV-2_1200_13	CAAGAGATGGTTGTGTTCCCTTGAA	TCATTGTAGATGTCAAAAGCCCTGTATAC
SARS-CoV-2_1200_14	GTTTTTAAACGGGTTTGCGGTG	GATTACCAGAAGCAGCGTGC
SARS-CoV-2_1200_15	TAGGTGTTGTACATAATCAGGATGTAAACTTAC	GACACTCATAAAGTCTGTGTTGTAAATTGC
SARS-CoV-2_1200_16	CAAGCTGTCACGGCCAATGT	AAATGTCTCCTCAGTAGCTTTGAGC
SARS-CoV-2_1200_17	TGACTGGACAAATGCTGGTGATTAC	TGTGGCCTGTTAATTGCAGATGAAA
SARS-CoV-2_1200_18	GCTTTGGTTTATGATAATAAGCTTAAAGCACA	AATCCAATAGAATGATGCCAACAGG
SARS-CoV-2_1200_19	AAAATAGGACCTGAGCGCACCT	AGCTCAAATGCTACATTAACAGGTAATG
SARS-CoV-2_1200_20	TGAAGTACCAGTTTCTATCATTAATAACACTGT	AAATATTGACACAGTTGAGTATATTTTGCGAC
SARS-CoV-2_1200_21	GTTGCTATGCCTAATCTTTACAAAATGCA	CCATCATTAAATGGTAGGACAGGGTTA
SARS-CoV-2_1200_22	CCTCAGTTTTACATTCAACTCAGGACTT	GCAGCCTGTAAAATCATCTGGTAATTTATAATT
SARS-CoV-2_1200_23	ATGTCTATGCAGATTCATTTGTAATTAGAGGT	GTGTTTTTGTCTTGTTCAACAGCTATT
SARS-CoV-2_1200_24	CATTTGTGGTGATTCAACTGAATGCAG	TGATTTGTGGTTCATAAAAATTCCTTTGTG
SARS-CoV-2_1200_25	CTGCCATTTGTCATGATGGAAAAGC	TGTTCAGAAATAGGACTTGTTGTGCC
SARS-CoV-2_1200_26	GAAATGCCGTTCCAAAAACCCATTA	TAGAAGCGGTCTGGTCAGAATAGTG
SARS-CoV-2_1200_27	TTTCAGACTGTTTGCGCGTACG	CTGTAAACTACATTCTTGGTGAAATGCA
SARS-CoV-2_1200_28	TATCTTTTGGTTCTCACTTGAACTGCAA	GCTCTCAAGCTGGTTCAATCTGTC
SARS-CoV-2_1200_29	GATCACATTGGCACCCGCAAT	GGCTCTTCCATATAGGCAGCTCT
